{
  "name": "ion-floating-menu",
  "authors": [
    "pregiotek <ndg@pregiotek.com>"
  ],
  "description": "Material UI-like Floating Action Button and Menu for Ionic applications",
  "main": [
    "dist/ion-floating-menu.css",
    "dist/ion-floating-menu.js",
    "dist/ion-floating-menu.min.css",
    "dist/ion-floating-menu.min.js"
  ],
  "moduleType": [
    "node"
  ],
  "keywords": [
    "ionic",
    "floating",
    "button",
    "menu",
    "ion-floating-menu",
    "ion-floating-button",
    "material"
  ],
  "repository": {
    "type": "git",
    "url": "https://github.com/pregiotek/ion-floating-menu.git"
  },
  "license": "MIT",
  "homepage": "https://github.com/pregiotek/ion-floating-menu",
  "private": false,
  "ignore": [
    "**/.*",
    "node_modules",
    "bower_components",
    "test",
    "tests",
    "nbproject",
    "doc"
  ],
  "version": "1.0.6",
  "_release": "1.0.6",
  "_resolution": {
    "type": "version",
    "tag": "1.0.6",
    "commit": "502504b9afcf3133a458efdcbd893b5528195972"
  },
  "_source": "https://github.com/pregiotek/ion-floating-menu.git",
  "_target": "^1.0.6",
  "_originalSource": "ion-floating-menu",
  "_direct": true
}